FotosCavet00005,98
FotosCavet00008,87
FotosCavet00012,87
FotosCavet00015,87
FotosCavet00006,85
FotosCavet00004,81
FotosCavet00002,80
FotosCavet00007,77
FotosCavet00001,75
FotosCavet00020,70
FotosCavet00043,69
FotosCavet00045,69
FotosCavet00003,67
FotosCavet00030,65
FotosCavet00034,65
FotosCavet00036,65
FotosCavet00013,62
FotosCavet00018,62
FotosCavet00011,61
FotosCavet00023,60
FotosCavet00044,60
FotosCavet00019,58
FotosCavet00021,57
FotosCavet00038,57
FotosCavet00039,57
FotosCavet00047,57
FotosCavet00009,55
FotosCavet00033,55
FotosCavet00029,53
FotosCavet00028,51
FotosCavet00037,51
FotosCavet00040,50
FotosCavet00026,48
FotosCavet00025,46
FotosCavet00031,46
FotosCavet00041,46
FotosCavet00027,45
FotosCavet00024,43
FotosCavet00014,42
FotosCavet00035,42
FotosCavet00017,41
FotosCavet00022,41
FotosCavet00032,41
FotosCavet00042,41
FotosCavet00046,38
FotosCavet00010,37
FotosCavet00016,36